product,units
x,
Advantage Science,7
Advantage SS/Language,7
Advantage Math,15
Advantage Online Subscription,4
My Fun w/ Words,3
My Books,3
Ask Me Why-Mammals,5
Bilingual My Books,7
Southwestern School Set,9
Advantage Topic Source,7
English Explore and Learn,9
Ask Me Why-Reptiles and Birds,5
My Set,7
Advantage Honors,7
Family Bible Library,16
Health and Wellness,
Learning Companion,
College Entrance Advantage,24
Additional Test Pack,
Ask Me Trio,
Encyclopedia of American Cooking,2
Extra Book,
Southwestern Kids Collection,9
Laymans Bible Encyclopedia,
Southwestern Skill Builder,
The Human Body Book,
Ask Me Why 14 Volume,10
Extra CD,
Animals: A Visual Ency,
Young People's Atlas,
Advantage Math 1&amp;2,15
Illustrated Animal Ency,
Explore and Learn,9
French Explore and Learn,9
Advantage Online Prepay - 3 Months,4
Bilingual My Set,7
English My Set,7
